hotel_name,id,review
壹号酒店(松江万达店),M383191****,酒店的价格非常合理，性价比很高，房间设备很全，员工们服务也非常到位，强力推荐
壹号酒店(松江万达店),M432066****,这是我见过最脏最混乱的酒店！！！从来没有写过这么长的评价，真的很令人气愤 晚上入住连续换了好几间房，居然都没有打扫！！！床铺都是乱的，像刚被人滚过一样！！！卫生状况严重堪忧！
壹号酒店(松江万达店),_WeChat331437****,相当炸裂的一次入住体验，浴缸和床单上有前一位住客的体毛，毛巾有异味，墙壁上挂着不明液体干涸的痕迹。 虽然是一个人睡，但左邻右舍打桩的声音让我并不觉得孤单，床单和被子丰富的味道让我感觉身边挤满了大哥和小妹，心里暖暖的。
壹号酒店(松江万达店),M456035****,房间环境不好，阿姨不负责任，枕头上都是血迹还不换，这已经不是卫生的问题，这是健康的问题了！因为上了一天课，吃完饭回酒店比较晚，没注意检查就在带血的枕头睡了一夜，第二天看枕头有点脏，翻面才发现反面都是血！找前台，一个小姑娘还态度恶劣.
壹号酒店(松江万达店),M515536****,满分💯分 进来看着大厅环境就感觉特别上档次 很是高大上，大厅的沙发还可以坐在那里吃饭，软软的，服务态度好，主动告知 Wi-Fi 密码，下雨还拿伞出门迎接太有眼色了，家的感觉
壹号酒店(松江万达店),匿名用户,房间的设施很OK，星空浪漫主题房很适合情侣入住，对面是万达，有卖一些小吃的，也价格也非常的优惠，前台小姐很好看，服务也很好，房间卫生很好，下次可以带朋友一起来
壹号酒店(松江万达店),M250361****,轻奢主题房主的很少，还是个外窗，很干净也很卫生，下午2点之前退房也挺晚的，很适合情侣来入住
壹号酒店(松江万达店),M282790****,房型很独特，很适合情侣来住，房价比周围都很优惠。卫生打扫的很干净，窗户也很大，也没有味道。风格也非常的好看，很时尚，前台服务人员也很热情
壹号酒店(松江万达店),M466114****,这个酒店的地理位置很不错，也很好找，就在万达正对面的4号楼。离欢乐谷很近，假期方便带小孩来玩
壹号酒店(松江万达店),匿名用户,环境不错，阿姨很热情的打扫卫生，前台服务周到，便捷服务，门口就有超市烧烤店，设施齐全
壹号酒店(松江万达店),M347476****,每一个装饰品都是精心装饰的，壁纸也很独特，特别显露出这家民宿的用心和独特，服务很好很热情，保持卫生方面，真是做到了精益求精，让人佩服他们对清洁的执着追求.
壹号酒店(松江万达店),匿名用户,入住房间新风系统声音太大，前台小姐姐给换了个房间，服务态度还是很好的，不过主题房确实不建议一个人去住
壹号酒店(松江万达店),M738717****,位置不错的，万达旁边很好找，而且很安静，他们家主题房风格也很多，经常和女朋友来
壹号酒店(松江万达店),M597077****,房间很大，看起来也很亮堂，房间很干净，也住的很舒服，服务态度很好，对面就是小吃街，出行很方便，推荐推荐
壹号酒店(松江万达店),匿名用户,房间很有特色，窗户很大，还有电视机，前台服务很好的，也很好看，卫生挺好的，附近有卖小吃，都蛮不错的，建议
壹号酒店(松江万达店),匿名用户,住宿环境非常好，酒店也很好找，屋内卫生干净，布局也很舒服，热水也很快，电视也可以用，各方面都很满意
壹号酒店(松江万达店),匿名用户,房间浴缸特别的大，房间全部是镜子，然后装修风格非常的独特，也非常的好看，前台服务非常的好，OK
壹号酒店(松江万达店),匿名用户,房间挺大的，干净整洁，没有异味儿，入住体验挺好的，装修也有风格666
壹号酒店(松江万达店),M225595****,卫生实在太差了。设施也旧，床单看上去像没换。卫生间都是头发。打扫还不彻底留下上一个人的短裤。地板也很脏。前台服务也不行。最起码对客服务都没有。顾客来了爱搭不理的。更别说站起来服务了。客房也没有网络。总得来说管理很混乱。携程第一个差评给你了。
壹号酒店(松江万达店),M48148****,五一凌晨到的，就打算睡一晚，这个装修用力过度，很夸张 重点，停车收费🙈
壹号酒店(松江万达店),M498593****,大厅卫生整洁，然后房间很有特色，对面是万达，附近有小吃，前台服务很热情，也很好看，出发时间也挺晚的。总体来说挺OK的
壹号酒店(松江万达店),匿名用户,小姐姐服务好 挺好的 卫生干净 前台好看
壹号酒店(松江万达店),M350715****,这个拳击房非常的有情调，然后特别适合小情侣来住，灯的氛围感非常的满足 不错价格优惠 不错，值得推荐一下
壹号酒店(松江万达店),匿名用户,住在这里的几天是如此地惬意。不仅房间内干净整洁，家电设施一应俱全，方便了我的生活。前台小姐姐服务好 对面万达可以带孩子一起来 价格优惠
壹号酒店(松江万达店),M361144****,服务周到，环境优美，设施齐全，值得推荐
壹号酒店(松江万达店),M734068****,酒店很好 卫生也很干净 看着很高级 前台小姐姐服务也跟热情 特别温柔 下次还来 推荐！
壹号酒店(松江万达店),M499940****,不黑不吹 卫生差 床单也没换 ，住过最脏的酒店 价格便宜 才150+
壹号酒店(松江万达店),M332169****,已经第五次入住了 还是忍不住来好评下 房间很干净 前台小姐姐很热情 推荐 推荐！
壹号酒店(松江万达店),M533403****,这家酒店真是太棒了！房间很干净，床品也很舒适，酒店的员工服务态度非常好，让人感觉非常亲切，强力推荐！
壹号酒店(松江万达店),匿名用户,住着很舒服 环境很好 体验感很棒
壹号酒店(松江万达店),M351555****,挺不错的，房间干净。安静整洁
壹号酒店(松江万达店),匿名用户,酒店大厅很舒适，房间风格很有特色，房间还是朝阳的[耶]总体来说还是很有性价比的，前台小姐姐也很耐心
壹号酒店(松江万达店),M449570****,房间卫生，很大很敞亮，前台服务很好，也很好看，然后对面是万达，吃的蛮多的 好评
壹号酒店(松江万达店),匿名用户,1. 携程写的2023年开业，实际上又破又旧，屋顶都掉皮了 2. 写的禁烟，但刚进门就看到工作人员在抽烟，询问过后，工作人员说并不禁烟 3. 卫生很差，到处脏兮兮的，全是灰 4. 价格不稳定，一开始预订的时候270，到酒店之后变成230 5. 酒店实际情况与携程好评不符，有理由认为好评是刷出来的 6. 半夜12点被吵醒，哐当哐当的声音
壹号酒店(松江万达店),M32482****,就是很差。很多设施都脏兮兮的，马桶容易堵，浴室有一股下水道的味道，床也是潮的一股霉味，床下的踏板一脚一个坑…走廊也很迷幻，像是KTV又像是那种黑工厂…咱就是说谁会想要一个带着下水道味道的奇怪森林play呢？ 而且我刚办入住的时候前台还把房间弄错了，给了我一张房间里有人的卡，我刷卡之后门被挂链挡住不能全开，然后听到了房间里的男人大吼一声…（我想对方也很有心理阴影）
壹号酒店(松江万达店),匿名用户,小姐姐好看服务好 挺好的卫生好
壹号酒店(松江万达店),匿名用户,干净卫生服务到位
壹号酒店(松江万达店),匿名用户,附近办事 路过找了这家酒店 升级了房型 蛮不错的 物美价廉 比想象中好很多， 地段也比较方便马路对象就是万达 吃的东西比较多 这边比较安静的 闹中取静 ，下次还会选这家酒店
壹号酒店(松江万达店),M698942****,非常好干净卫生
壹号酒店(松江万达店),匿名用户,住的很舒心，服务也很好，房间干净，非常推荐。
壹号酒店(松江万达店),江湖人称强哥哥,酒店环境非常好，适合情侣约会，很有情景
壹号酒店(松江万达店),匿名用户,小姐姐服务挺好的 不错 房间不错 特别有特色 适合情侣💑
壹号酒店(松江万达店),匿名用户,很不错卫生很好
壹号酒店(松江万达店),M559275****,商务大床房，房间很大，然后厕所也是隔开的。1米8的大床，还是外窗，还有电视机，一个全身镜，然后服务还可以，阿姨也很有礼貌，然后旁边有卖小吃，可以推荐过来出差
壹号酒店(松江万达店),M321175****,服务很好，卫生很干净，设施很齐全
壹号酒店(松江万达店),M502970****,环境特别好，前台小姐姐也很热情。
壹号酒店(松江万达店),M462177****,酒店上显示是商务型，实际点都不符，不像正规酒店，就跟ktv娱乐场所一样，走廊也像迷宫一样。整个环境都不好，陈旧，脏差。。刷卡进房间吓到了，床边上就是一个很大的透明浴缸，这完全不是图片上显示的正常的酒店房间设施，而且隔壁是有ktv音响唱歌的声音的，声音很大。看到环境等等，不想入住。 立即下来与前台协商退掉重新找过酒店，但是前台态度非常差，就是不让退，未入住，只是刷卡进门看了一眼，之后联系平台客服为我多次沟通，酒店都不给退款。非常让人恶心。
壹号酒店(松江万达店),M500181****,全新房，然后这个床也挺好玩的，然后上面的装饰上面有一个全面镜，然后设施还行。然后地理位置也可以，我们来找酒店也很方便，然后对面也是万达，然后还可以吧
壹号酒店(松江万达店),M263287****,干净安全又卫生，十分满意，继续保持。
壹号酒店(松江万达店),206196****,环境不错性价比高 服务好
壹号酒店(松江万达店),匿名用户,这个豪华大床房挺不错的，然后内饰很好看。外观也特别的梦幻，都很不错，房间干净整齐，前台服务热情还不错，对面是万达，可以买一些好吃的，也方便带小孩子来玩，离地铁站也挺近
壹号酒店(松江万达店),M736889****,卫生干净，服务好，前台小姐姐还漂亮
壹号酒店(松江万达店),_WeChat417022****,很满意 前台小姐姐很温柔
壹号酒店(松江万达店),_WeChat290570****,房间设施很独特，然后还有很有风格，房间卫生还可以，牙具什么的房间里面都有，不需要从前台拿，然后前台服务很热情，旁边有卖小吃，对面是万达，适合带孩子来玩
壹号酒店(松江万达店),戈特马丁根李林甫,这个爱心的房间也很好看，粉粉的，然后上面的那个爱心图案也可以，它那个灯光是五颜六色的，然后厕所什么的也是分开的，价格也很优惠，才100多
壹号酒店(松江万达店),M740103****,住房体验很好。这家酒店给我留下了非常深刻的印象，房间很宽敞干净，服务态度也很好，是商务出差和旅游的理想住宿地点。非常喜欢这家酒店的氛围，安静、雅致，让人可以放松身心。服务人员细致周到的服务让人印象深刻。这家酒店的地理位置非常便利，交通十分方便。房间宽敞明亮，装饰精美，床品舒适，让我觉得整个住宿过程非常愉快。
壹号酒店(松江万达店),M494301****,房间很干净，也特别的有特色，然后前台服务很好，很热情，退房也挺晚的，很适合情侣来住，非常有情调
壹号酒店(松江万达店),_WeChat298904****,服务设施都很好
壹号酒店(松江万达店),_WeChat15331****,房间很干净服务员也很热情
壹号酒店(松江万达店),M604881****,非常垃圾，打开门看到这个山顶洞直接yue 了，和网上订购的图片完全不一样，床单也脏，还有头发。地板也脏，倒闭吧。
壹号酒店(松江万达店),M643575****,这家酒店整体还可以，房间照片还没有拍。然后大厅就很干净，服务也很好，也很热情就在万达旁边吃饭也很方便，房间也特别的有情调，适合情侣过来，下次还来住。
壹号酒店(松江万达店),匿名用户,他这个房型是以浪漫樱花为主，然后房型也还可以，樱花喜欢花的还可以。旁边有卖小吃。附近也有一个万达前台服务。嗯，OK
壹号酒店(松江万达店),匿名用户,小姐姐服务 挺好的 不错
壹号酒店(松江万达店),M24850****,好好好 挺好的
壹号酒店(松江万达店),M47379****,满意，环境不错，卫生干净。
壹号酒店(松江万达店),yire森,房间很大，很好，也不错，也很安静 都挺不错的 还可以 重点卫生不错 地理位置也很可以 出门对面就是松看万达 随便吃
壹号酒店(松江万达店),M487115****,房间样式还行😊 房间不错，然后旁边有卖小吃，然后前台服务很热情也很好看建议老板多找这样的
壹号酒店(松江万达店),匿名用户,万达金街过来100米左右，床大也舒服，卫生间水也大，真的很不错，新店价格实惠，服务好，前台接待美女热情又漂亮，
壹号酒店(松江万达店),M16629****,房间是木屋型的，也很有特色，有点像那个民宿的房型，然后房间里面的话 感觉不错
壹号酒店(松江万达店),M520463****,设施：设施完备齐全， 卫生：卫生干净整洁， 环境：环境安静舒服， 服务：服务周到热情， 性价比比较高，周边生活交通便利，值得推荐，给个贊！
壹号酒店(松江万达店),蚀月灵星,很糟糕的体验，订的是商务大床房，给的明显是情趣房，给客户带来了不好的体验。
壹号酒店(松江万达店),匿名用户,此次入住，被这里的安宁与雅致深深吸引。房间布局讲究，不错吧， 挺好的 下次还来
壹号酒店(松江万达店),M404259****,我第一次来监狱房 装修不错 很有风格 看着不错 网络速速的快 😎
壹号酒店(松江万达店),M316279****,酒店挺好的装修挺有特点，没有异味，通风可以，床品是可以的，比较新，而且睡着也是很舒服的，比房间要新，酒店免查房退房节省了很多时间，很方便，房间都配有一次性牙膏牙刷，房 间窗户很大光线很好，无线跟电视也很好用，大堂很敞亮，前台很热情，小姐姐说每个房间都是专享的网络，网络真的比其他家好，电视台很多，这点挺好的，讲究。
壹号酒店(松江万达店),阿柠♥,卫生非常好，而且前台小姐姐也很热情 ，而且位置也挺好找的，房间干净整洁，设施齐，非常舒适的一次住宿体验，值得推荐
壹号酒店(松江万达店),118233****,设施：设施齐全完备， 卫生：卫生干净整洁， 环境：环境安静舒适， 服务：服务周到热情， 这是一家性价比很高的酒店，交通非常方便，值得推荐！
壹号酒店(松江万达店),M320727****,入住体验不错，太划算了，房间用的用品很干净、很卫生、设施设备都很齐全、无线呀，电视呀，网络呀，空调呀，都好用，还能投屏看电视，前台接待的小姐姐服务态度很好，很亲切，服 务很细致。可以可以!
壹号酒店(松江万达店),M243344****,跟女朋友一起主动很高兴
壹号酒店(松江万达店),M256405****,房间不错 挺好的 前台服务热情 卫生不错 😂
壹号酒店(松江万达店),匿名用户,房间干净卫生好 服务好价格装修风格设计风格👌
壹号酒店(松江万达店),M331575****,房间很干净，前台服务态度也挺热情，一住进来前台就给我把房间升级了，麻雀虽小，五脏俱全，附近吃喝玩乐都很方便，酒店价格也实惠，我都住十来天了，住进来之前别的酒店我也转了一圈 还是这个酒店好 性价比高，会推荐给朋友😊
壹号酒店(松江万达店),金肆_From鑫开始,因为高铁晚点五六个小时，本没有预定酒店计划的我只得临时入住了一家酒店。 整体来说，这次酒店预定经历还是不错的， 设施：基本齐全，因为自己是黄金会员，还享受了一次免费升舱，房间内设施应有尽有 卫生：干净整洁，就是厕所水箱有一点儿水垢，不影响其他大问题 环境：环境优雅，干净整洁。 服务：服务到位，小姐姐很客气。 总体来说，是一次比较不错的入住体验，如果后续还有需要住酒店的情况，我还是会推荐的。（当然，不希望高铁再晚点这么久了） 不怎么喜欢拍图，所以确实没图没视频。
壹号酒店(松江万达店),匿名用户,房间是主题房 还可以 服务热情 还不错
壹号酒店(松江万达店),M516240****,第一次入住，看到网上评分高。就打算来体验一下，果然不虚此行，房东姐姐服务很好很热情，有求必应，电话一秒接通，很有耐心听我的诉求，必须点个赞，房间干净舒适，床很软很舒服，房间采光不错，也很安静，周围停车也挺方便的，姐姐给我们推荐的停车位很优惠，下次还会来的，值得推荐 服务人员超级好，进门办理会细心询问，而且非常体贴，行李拿不下礼宾小伙子还会主动帮忙、其次酒店卫生真的非常干净，客房大姐打扫卫生的时候非常细致，就连角落的卫生死角都清理的干干净净，酒店隔音也很不错，基本上听不得任何杂音、酒店设施就更不用说了，非常棒、
壹号酒店(松江万达店),M651071****,房间挺好的 不错 干净利落 服务好
壹号酒店(松江万达店),M268854****,必须给个好评，每次来松江都住这里，床品是真的舒服，能安心睡个好觉，价格实惠不说，房间还很大，很不错，这次入住算是有一个惊喜了，房间还是一样的好，一如既往的很满意。
壹号酒店(松江万达店),M647390****,房间挺好的服务热情 可以😊大厅干净
壹号酒店(松江万达店),愿时光能缓，愿故人不散,新装修的，气味有点大，其他还好，地方也算好找。
壹号酒店(松江万达店),M686336****,房间环境很好 前台服务很棒 微笑服务 房间床和地面很干净 总体来说都不错 主要服务这方面很到位 入住体验感比较不错 下次还会来的
壹号酒店(松江万达店),M643851****,房间大 服务好 卫生干净
壹号酒店(松江万达店),M539883****,第一次入住 感觉挺好的 设施：设备齐全 使用感佳 卫生：卫生处理的挺好的 很干净 进去就感觉很整洁 环境：环境优美哈 位置也很好找 服务：服务态度很好 有事情找前台也第一时间解决了 总体来说非常不错 下次还会再来
壹号酒店(松江万达店),M370691****,第一间房间，墙体上大片渗水霉迹，服务很好，告知立即换房，第二间房没有这样的迹象，但是地板明显的泡坏了，感受不是很好，连订三天的房住了一晚立马换酒店
壹号酒店(松江万达店),英俊的蔡先生,主题房比较大，但不适合商务出差，原来订的商务高级标间，平台升级为主题房，内有一些主题设施，感觉不商务，又换回标间。
壹号酒店(松江万达店),M327386****,也不给我说直接开成靠电梯的那间房， 平台上也没标注，所以不会在入住，房间各项设施也差，一会儿去平台上在投诉一下。
壹号酒店(松江万达店),M526300****,酒店地理位置很好，十字路口，交通都方便。过来出差选的酒店，档次相当不错，性价比可以说是相当的不错了，酒店环境也挺好，周边吃饭的地方也多，前台接待服务态度很好，很亲切， 服务也很细致，打扫房间的阿姨很热心，必须给个赞！大堂明亮，通风好，有休息的地方，总的来说还是不错的，房间比较大，干净整洁，该有的都有！
壹号酒店(松江万达店),香山1984,价格非常实惠，房间也挺大的，空间足够。不过睡觉的时候总感觉有点异味，其他的还好吧。位置在松江大学城，距离地铁站不远，比较方便。
壹号酒店(松江万达店),M436175****,这家酒店的服务真的非常出色，员工态度友好、专业，让 我感到非常舒适和安心。房间干净整洁，床铺舒适，卫生 间干净卫生，一切都让我感到非常满意。酒店的位置也非 常优越，交通便利，周边设施齐全，楼下水果店，餐厅 多，非常方便。总的来说，这家酒店的价格实惠，性价比 较高，是 一个非常不错的选择
壹号酒店(松江万达店),匿名用户,环境很好，卫生撒的蛮好，服务员的服务态度也挺好的，前台美女也很热情，回头肯定在主这个酒店，值得推荐。
壹号酒店(松江万达店),M272345****,卫生很干净 前台很温柔很满意的入住体验 大厅很大 办理入住很快 床垫舒服 前台很热心体贴 期待下次入住
壹号酒店(松江万达店),M687491****,房间很干净，出去玩儿很方便，对面的万达广场吃的用的都非常方便，买东西还便宜！周围环境也非常好！安全卫生！酒店服务的小姑娘非常细心！
壹号酒店(松江万达店),M558154****,房间很不错，给我的是森林主题的，刚进去感觉比较新奇，还挺有意思的，周边有很多好吃的，好玩的，离万达很近，逛街很方便哦，值得推荐，主要是价格也很便宜性价比很高
壹号酒店(松江万达店),M527942****,房间很有意思，地板和床有点脏，然后虽然是新开业但是不是新装修，热水器要等一两分钟才热，桌子很小一个很鸡肋。不过我在138这个价位订的还算可以，前台让我们刷业绩，难评
壹号酒店(松江万达店),M596687****,必须给个好评，床品是真的舒服，能安心睡个好觉，这酒店的品质，价格实惠不说，房间还大，这次入住算是有一个惊喜了，还是主题房，超级有感觉的，很满意，很满意。
壹号酒店(松江万达店),匿名用户,美女前台服务热情，很有的家感觉。房间生卫干净整齐，网络信号很好，上网很快，空调制热果效好。交通出行方便，出差错不的选择！
壹号酒店(松江万达店),M652198****,停车 这家分店讨我喜欢干净整洁的大厅干净敞亮的房间前台服务很热情很耐心能看得出来是很用心在做好服务这份工作的，停车场吃饭周边都很方便，两人住的房间空间很大，采光也不错。
壹号酒店(松江万达店),匿名用户,太离谱了 装修像是ktv的包房 还有灯光和音响 走廊的装饰都是比基尼女郎。。。遇到问题找前台也是三四次都得不到解决 明明是连住 白天还是要敲门询问是否续住
壹号酒店(松江万达店),匿名用户,这家酒店地理位置十分优越，周边出行和购物都很方便。房间干净整洁，基础设施一应俱全。工作人员服务态度也很好，给人一种宾至如归的感觉，下次还会选择这家酒店。
壹号酒店(松江万达店),M430266****,住两天，一直没人打扫，住进去前发现里面像没有清洗干净一样，水壶还有满满一壶水，漱口台还有灰，有一股怪味
壹号酒店(松江万达店),M745537****,第一次入住这家酒店，环境，服务，卫生各方面都很不错，让人很舒服，下次有机会到上海，还会选择这家
壹号酒店(松江万达店),M672399****,坐车累了一天订了离万达近的酒店，方便出行，房间设施齐全，卫生比较干净，也很安静，服务周到，初来乍到，不懂都能耐心解答，整体性价比高
壹号酒店(松江万达店),匿名用户,前台服务好 悠悠很很 每次叫她立马叫上来了 没有态度差 很细心。没有不耐烦 很喜欢这个前台
壹号酒店(松江万达店),M314172****,卫生：很干净，让我们很惊喜，这么便宜的价钱，这么好的酒店。 服务：前台很温柔，客气，态度很好，很有耐心
壹号酒店(松江万达店),_CFT010000002910****,好好好好好好好好好好好好好好好好好好好好好好好好好好好好好好好好好好好好好好好好好好好好好好好好好好好好好
壹号酒店(松江万达店),M518893****,房间很棒，进去全是不一样的主题，感受特别好，有停车场，周边九十万达广场，还有很多好吃，好玩的，很方便，酒店床品也很好，睡起来都很舒服。
壹号酒店(松江万达店),M747273****,位置很好，就在大学城 设施：很完善 卫生：很干净 环境：很清净，不吵 服务：服务态度很好
壹号酒店(松江万达店),匿名用户,位置很好找 大厅和房间都非常干净 设施齐全 前台和客房打扫的阿姨都笑盈盈的 很亲切 附近有许多好吃的餐厅小吃 性价比很高 特别满意的一次体验
壹号酒店(松江万达店),M268022****,位置和环境很好，非常高大上，关键是价格真的很给力，前台小姐姐的服务也很贴心，下次还会入住的
壹号酒店(松江万达店),匿名用户,房间非常干净 比较有特色 我很喜欢 而且周边外卖到的也很快 这边工作人员也很热情 总体来说还是特别满意的
壹号酒店(松江万达店),M525376****,位置好，服务好，住过两次了，每次来前台都很热情，有电梯，很方便，房间是主题房，格局都不一样，体验感还是很不错的，下次还会再来的。
壹号酒店(松江万达店),M506748****,一家非常不错的酒店 地理位置方便 房间干净清爽 酒店的服务也很到位 推荐入住
壹号酒店(松江万达店),匿名用户,帮客户预订，离要去的目的地非常近，附近吃饭也很方便，房间干净整洁，设施设备齐全，服务满意，推荐入住。
壹号酒店(松江万达店),匿名用户,停车方便，入住很快，房间也比较舒适，价格不贵，环境也不错，卫生打扫的干净，出差入住首选，值得推荐
壹号酒店(松江万达店),M300037****,非常棒 交通便利 吃饭方便 经济实惠 高大上 前台小姐姐服务特别好 停车场也方便很近
壹号酒店(松江万达店),匿名用户,刚进门的时候，发现前台小姐姐很有礼貌，然后服务很好，卫生很干净，然后旁边有卖小吃，然后很推荐很推荐我和女朋友都很满意
壹号酒店(松江万达店),M730989****,和朋友一起出来玩的 进入酒店 环境很干净 吧台服务员 服务态度很热情 这次是不错的出行
壹号酒店(松江万达店),xajhy520520,地理位置好，床特别舒适睡的很舒服，唯一不足的就是空调不好，不制热，隔音效果挺好以后还会继续入住
壹号酒店(松江万达店),缘分天空txq,房间很大，也很干净，特别明亮，装修风格也很独特，地理位置也很好，购物方便，前台服务也很贴心。
壹号酒店(松江万达店),永远18岁耶,这家酒店的设施十分先进，让人感到非常舒适。床铺整洁，枕头和被子也非常舒适。入住后感觉满分！前台人员也很热情友好！
壹号酒店(松江万达店),M603778****,感觉体验非常的好 服务很周到 价格也挺实惠的 认我度过了一个安逸的晚上。
壹号酒店(松江万达店),M273558****,这家酒店很有特色，然后牙具什么的也不需要从前台拿，然后下午是一点退房也挺晚的，适合情侣住，也特别的有主题风格
壹号酒店(松江万达店),M365451****,在松江万达可以住到这样性价比的房间超值，房间干净卫生，舒适，旁边就是万达广场，吃饭也方便，满意，墙烈推荐
壹号酒店(松江万达店),M505148****,房间干净整洁，服务也很好，临时出差选择这里性价比也很高，推荐👍
壹号酒店(松江万达店),M530191****,酒店的整体服务非常好，干净整洁宽敞 前台服务热情，整体感受五颗星！
壹号酒店(松江万达店),匿名用户,很垃圾，各种刷单，房间很差，卫生很差，订商务大床房根本就没有，都是破旧的主题房
壹号酒店(松江万达店),M407686****,好的 不错。小姐姐好看 挺好的。房间干净。 服务热情。附近有吃饭的地方
壹号酒店(松江万达店),M515252****,一点也不好，不会再住了，卫生不好，屋内环境不好，而且厕所都没有门，味道也很重
壹号酒店(松江万达店),M470702****,前台小姐姐很好看附近交通也很方便对面就是万达可以领小孩子来往
壹号酒店(松江万达店),匿名用户,房间不供应瓶装水，室内中央空调开机声音有点大，淋浴用水流量不大，体验感一般。
壹号酒店(松江万达店),姜姜姜姜缎,房间不干净，窗户玻璃是碎的，设施陈旧，服务人员态度差，酒店打扫不干净
壹号酒店(松江万达店),退休的王大爷,酒店很不错 在万达边上，周边吃的很多。晚上跟女朋友住了一晚，酒店服务很好，床也很舒服，下次一定还是再订这边。
壹号酒店(松江万达店),M54070****,出差订的酒店，价格比周边低的，总体还是不错的一次入住体验！服务态度好，房间很大，床品也很舒适，推荐！
壹号酒店(松江万达店),M528182****,很干净，很好，值得入住，下次来出差继续住，很好的酒店，性价比很高
壹号酒店(松江万达店),M22886****,酒店非常好 住的舒服 房间大 价格优惠 特别前天服务特别好
壹号酒店(松江万达店),M532343****,价格实惠 房间干净卫生 ，隔音效果不错。下次来了还订这里
壹号酒店(松江万达店),M504738****,很好的酒店，性价比很高，干净卫生，值得推荐，以后到上海还住这里
壹号酒店(松江万达店),_WeChat25938****,房间很干净 明亮，服务也很暖心 地理位置很好 离万达广场很近，以后来上海还选择这家酒店，👍
壹号酒店(松江万达店),M353306****,房间整洁干净，有问题找前台美女都会不厌其烦的帮我解决，特别好
壹号酒店(松江万达店),M741658****,房间环境不错，卫生很干净，服务态度很好，住的很舒适，下次还来
壹号酒店(松江万达店),320311****,出差路过这家酒店，在这家酒店居住了几天，感觉卫生和环境氛围都挺好的，有机会再过来住吧
壹号酒店(松江万达店),M283747****,干净整洁，酒店服务态度很好，用品也挺全的。体验感不错
壹号酒店(松江万达店),匿名用户,酒店环境不错，地下停车方便，前台服务热情 性价比很高，值得推荐。
壹号酒店(松江万达店),M736867****,酒店卫生干净、前台小姐姐服务真好、整体相对很满意 好评.
壹号酒店(松江万达店),M41490****,看了点评过来的，确实不错，一进到酒店，就很高大尚的感觉，大厅宽敞，前台小姑娘服务很专业，也很热情，酒店设施环境与图片也完全一致！隔音效果好，很安静，安全很到位。房间设施都蛮新的，被子床单都很干净整洁，房间很干净，物品摆放整齐，很舒服，位置就是万达广场对面，可以说是零距离了，逛万达非常非常方便，交通也方便，刚好在十字路口的位置，公交，打车啥的都方便，房间网络都是独立的，流畅，非常好，推荐入住。
壹号酒店(松江万达店),M373654****,房间宽敞明亮，干净整洁，前台服务周到，洗浴用品质很高，用起来非常愉悦，很好的一次体验。
壹号酒店(松江万达店),M659014****,房间卫生干净，环境优雅，气氛轻松自在，酒店服务态度热情周到，让我们留下了深刻的印象。
壹号酒店(松江万达店),D17383****,前台小姐姐长得好看，服务热情，房间干净卫生，还挺大的，挺OK的
壹号酒店(松江万达店),轩贺贺,房型很好，视野好，交通方便，对面就是广场，吃饭娱乐都很方便，价格还很实惠，下次还订他家
壹号酒店(松江万达店),M475720****,这是我第二次入住了，服务依旧那么好，必须给个好评！
壹号酒店(松江万达店),M674996****,房间不错，整洁，主要价格还合适，不错不错，下次来，还光顾
壹号酒店(松江万达店),匿名用户,房间很干净 各种设施比较完善 位置也很好找，性价比超高！
壹号酒店(松江万达店),M741419****,房间入住非常满意，位置好，出门就是万达！卫生服务都很不错
壹号酒店(松江万达店),M759320****,现在接的很标准，大厅卫生很干净，卫生间更不用说了
壹号酒店(松江万达店),M659743****,价格经济实惠房间很宽敞干净整洁，这次入住没有踩雷体验感很好，前台小姐姐服务也很好
壹号酒店(松江万达店),M17812****,房间很有特色，适合带女朋友来住，有情调，前台的小妹妹很热情，服务周到。
壹号酒店(松江万达店),M284506****,卫生干净舒适，适合居住让人流连忘返前台小姐姐接待有问必答！下次还会再次预定！
壹号酒店(松江万达店),_WeChat53716****,住了很多次的酒店了，很有特色，前台小姐姐很好呦！这也是一大特色😊
壹号酒店(松江万达店),匿名用户,房间很有意思，每个都不一样，每次来都有不一样的感觉，性价比很高，前台小姐姐服务很好
壹号酒店(松江万达店),_WeChat275413****,房间的主题特别的浪漫前台服务很热情附近有卖小吃
壹号酒店(松江万达店),M599935****,入住十分满意，房价划算，床也十分舒服，房屋也十分干净明亮
壹号酒店(松江万达店),M641696****,这家酒店有很多不同主题的房间，感觉很新颖，不错
壹号酒店(松江万达店),匿名用户,房间还行，有点小，价格有点不确定同一套客房好几个价格
壹号酒店(松江万达店),M243756****,房间打扫的很干净 周边也很好逛 很好的住店体验👍🏻
壹号酒店(松江万达店),M455983****,房间还不错 服务也很周到啊 下次过来的话还住这里。
壹号酒店(松江万达店),M266274****,前台小姐姐长得漂亮，说话好听，下次出差还来
壹号酒店(松江万达店),M527290****,设施：满意 卫生：满意 环境：满意 服务：满意
壹号酒店(松江万达店),M657952****,很干净 跟朋友一起来了 出行很方便 下次还会再来
壹号酒店(松江万达店),M506209****,房间环境很好，很舒适，住的很舒服，里面什么都有，
壹号酒店(松江万达店),M333694****,房间非常不错，挺干净的，挺喜欢，下次还会再来的。
壹号酒店(松江万达店),M296320****,设施：好的狠 卫生：好的狠 环境：好的狠 服务：好的狠 服务：好的狠
壹号酒店(松江万达店),M519711****,房间很干净清爽舒适，态度也很好，下次去再定
壹号酒店(松江万达店),M47967****,前台服务好 小姐姐穿衣风格好 大厅干净卫生
壹号酒店(松江万达店),M444684****,差评，环境不好，烧水壶都落灰了，糟糕透了，入住需谨慎。
壹号酒店(松江万达店),匿名用户,很满意的入住体验 前台服务好 卫生干净整洁 房间设施齐全 推荐推荐
壹号酒店(松江万达店),_WeChat24591****,挺好的 不错 小姐姐服务好 房间gangjia
壹号酒店(松江万达店),匿名用户,宝宝很喜欢火车头的那个房间。宝宝回家还说让过去住
壹号酒店(松江万达店),M445301****,房间特别干净，隔音效果不错，前台办理入住特别快
壹号酒店(松江万达店),_WeChat223597****,在这附近出差 房间很干净 周围也比较方便 推荐
壹号酒店(松江万达店),匿名用户,小姐姐服务好 前台好看 卫生好 房间大
壹号酒店(松江万达店),M499141****,就在万达对面 吃饭很方便 房间很干净
壹号酒店(松江万达店),M314729****,前台热情是火🔥，房间干净整洁必须好评！！
壹号酒店(松江万达店),M293295****,每次出差都在这里住 性价比很高 附近吃饭也方便
壹号酒店(松江万达店),郭九思,挺有氛围的房间，前台服务好，还帮我买水送上来，非常感谢
壹号酒店(松江万达店),匿名用户,服务态度特别好 在这住了好几天了 很舒服
壹号酒店(松江万达店),1317361****,整体感觉不错，性价比超好，下次还会继续选择。
壹号酒店(松江万达店),M741298****,第一次进去 很干净啊 推荐推荐 下次还会再来
壹号酒店(松江万达店),M33893****,酒店干净卫生，交通便利，前台态度很好，热情。
壹号酒店(松江万达店),M658195****,附近美食很多，旁边就是万达，出行方便，还有前台客服美女很细心，👍
壹号酒店(松江万达店),M299691****,很好 前台小姐姐服务态度很好 很满意 特别热情
壹号酒店(松江万达店),M222541****,性价高高 对面就是大型商场 吃玩很方便
壹号酒店(松江万达店),匿名用户,眼镜女前台服务态度好差，只有让刷好评态度好，其他会住着后悔的
壹号酒店(松江万达店),匿名用户,环境很差，商务房变成主题房，前台推销很烦
壹号酒店(松江万达店),M49706****,酒店附近有很多很多好吃的，前台小姐姐很漂亮，也很热心，服务好，下次还来
壹号酒店(松江万达店),匿名用户,第二次住了，很干净，很舒服，隔音可以
壹号酒店(松江万达店),M477844****,很有特色 很新颖 前台很热情 体验感特别好 以后有机会会常来
壹号酒店(松江万达店),M514214****,前台的美女好看 房间干净 都不错 老板人好卫生很好
壹号酒店(松江万达店),_CFT0430034****,酒店很好，干净卫生。价格优惠。房间挺大的。下次过来还住这里。
壹号酒店(松江万达店),_WeChat279776****,非常满意，干净整洁[玫瑰]，下次还会光顾
壹号酒店(松江万达店),M479150****,前台服务很好 卫生搞得干净下次还住这里
壹号酒店(松江万达店),M268093****,房间挺好的 前台服务很热情 比想象中好很多 地段也比较方便马路对象就是万达 吃的东西比较多 这边比较安静的 下次还会选这家酒店 ，卫生做的很干净 整个房间干干净净 舒舒服服的住着 工作人员都非常有耐心 非常细心的为我们服务 价格便
壹号酒店(松江万达店),匿名用户,房间干净 附近有卖吃的 前台小姐姐很漂亮服务也不错
壹号酒店(松江万达店),M507948****,房间异味过大，洗手池太脏，隔音效果差，建议不要入住
壹号酒店(松江万达店),M51457****,设施齐全 卫生：干净 环境：好 服务：服务很好
壹号酒店(松江万达店),M531488****,前台接待很礼貌还是美女，卫生干净很推荐
壹号酒店(松江万达店),_WeChat260195****,前台服务热情有礼貌 卫生干净整洁 值得推荐
壹号酒店(松江万达店),匿名用户,位置很好，很方便，环境也很好前台很漂亮
壹号酒店(松江万达店),匿名用户,环境很好 位置很好 下次还来 我很喜欢
壹号酒店(松江万达店),M319412****,酒店整体卫生很干净，服务人员也很友好。
壹号酒店(松江万达店),M26405****,环境不错，干净整洁，前台服务态度很好，价格实惠，非常满意
壹号酒店(松江万达店),匿名用户,房间好 卫生好 服务好٩(•̤̀ᵕ•̤́๑)ᵒᵏᵎᵎᵎᵎ
壹号酒店(松江万达店),_WeChat290206****,喜欢喜欢喜欢 装修好玩 位置也好
壹号酒店(松江万达店),M507362****,前台服务很不错 交通方便 性价比很高
壹号酒店(松江万达店),匿名用户,我住了这多的酒店，第一次碰到房间没有提供矿泉水的，无语了
壹号酒店(松江万达店),M738372****,挺好的 很干净 有机会会再次光临
壹号酒店(松江万达店),M741399****,房间干净整洁卫生，价格也很实惠很划算
壹号酒店(松江万达店),M469599****,卫生还不错 也很干净 附近也有很多的商店 很方便
壹号酒店(松江万达店),一线大表哥,位置方便，如果能和物业洽谈好停车的事会更完美
壹号酒店(松江万达店),M316569****,挺好的 小姐姐好看 服务好 房间干净哇
壹号酒店(松江万达店),匿名用户,设施陈旧 电视等不能看 应该新接手 不过老板人很棒
壹号酒店(松江万达店),M500404****,房间干净，前台服务态度不错。离地铁站近，对面就是万达
壹号酒店(松江万达店),M444321****,工作人员很热情，周边繁华很好吃的，不错
壹号酒店(松江万达店),M446742****,离地铁很近交通方便，干净，前台也很周到
壹号酒店(松江万达店),M731004****,房间很干净，安静舒服，下次还会和朋友来
壹号酒店(松江万达店),M731064****,嗯，环境，服务态度都挺好的，下次还来。
壹号酒店(松江万达店),M303588****,房间很大很舒适，交通便利，就在万达对面，很奶思
壹号酒店(松江万达店),M373176****,干净卫生，服务热情。性价比挺不错的
壹号酒店(松江万达店),匿名用户,环境不错，房间干净，入住首选，满意。
壹号酒店(松江万达店),M439195****,极差 卫生：极差 设施：极差 环境：极差 服务：极差
壹号酒店(松江万达店),M8142****,办理入住很快，工作人员很有耐心，干净
壹号酒店(松江万达店),匿名用户,房间干净整洁，环境很舒适，工作人员服务态度非常好
壹号酒店(松江万达店),伊思Q之谜,房间干净整洁舒适，没有异味，出行方便，适合出差旅行，前台服务热情。 设施：齐全 卫生：干净，整洁 环境：安静，适合旅游 服务：妙极了
壹号酒店(松江万达店),txq8212,位置很好找，对面就是万达，吃喝很方便。
壹号酒店(松江万达店),M256530****,酒店环境不错，设施齐全，服务热情
壹号酒店(松江万达店),匿名用户,酒店很舒适，前台小姐姐很漂亮
壹号酒店(松江万达店),晚安 凌晨四点半,环境好 小姐姐很漂亮 好好好
壹号酒店(松江万达店),M737886****,服务好 卫生好 期待下次入住
壹号酒店(松江万达店),_WeChat47659****,非常好，服务也好，干净卫生，价格实惠。
壹号酒店(松江万达店),M479307****,干干净净的，前台小姐姐也很礼貌
壹号酒店(松江万达店),M506481****,房间很干净，前台服务很好，也很安静
壹号酒店(松江万达店),匿名用户,周边不吃 吃的挺多的 坏境也很好
壹号酒店(松江万达店),紫金碎钻,对面就是万达，解决吃饭问题。出行也很方便
壹号酒店(松江万达店),M338050****,前台服务很周到。很有耐心。不错的酒店
壹号酒店(松江万达店),M51773****,一觉睡到自然醒，房间非常干净，
壹号酒店(松江万达店),匿名用户,房间干净卫生没有味道，隔音不错
壹号酒店(松江万达店),_WeChat280277****,前台美女有求必应，确实不错
壹号酒店(松江万达店),_WeChat254962****,小姐姐好看 服务好 挺好的
壹号酒店(松江万达店),_WeChat292052****,总体来说还不错，旁边就是万达广场很近！
壹号酒店(松江万达店),M310448****,房间干净整洁，服务态度很好
壹号酒店(松江万达店),M344372****,装修好玩小姐姐好看下次还来
壹号酒店(松江万达店),匿名用户,总体感觉不错 有特别风格房间单身狗慎重选择
壹号酒店(松江万达店),M660382****,干净卫生、环境也很好！价格很实惠yyds👍
壹号酒店(松江万达店),匿名用户,服务态度好，环境不错，靠近万达广场
壹号酒店(松江万达店),M476614****,非常满意，前台小姐姐非常和善
壹号酒店(松江万达店),M529980****,前台人很好 卫生也不错 地理位置优越 不错
壹号酒店(松江万达店),M220212****,酒店可以，非常大气，房间也大！很满意！！！
壹号酒店(松江万达店),M742366****,风格很好，很时尚，很喜欢！！
壹号酒店(松江万达店),M624744****,卫生挺干净，房间看着很清爽
壹号酒店(松江万达店),喜跑胖🏃,房间很干净，整体都很满意，推荐
壹号酒店(松江万达店),M32065****,离地铁站很近，设施齐全，还不错
壹号酒店(松江万达店),_WeChat235353****,位置很方便呢，环境很好卫生也不错，推荐的
壹号酒店(松江万达店),匿名用户,体验感很好，房间很大住着很舒服
壹号酒店(松江万达店),M50880****,离万达很近.方便！房间也打扫的很干净
壹号酒店(松江万达店),M740204****,挺好的 不错 附近有小吃
壹号酒店(松江万达店),M511794****,酒店干净卫生。房间环境很好
壹号酒店(松江万达店),M385179****,房间很满意 环境很好
壹号酒店(松江万达店),M490335****,服务好环境好 小姐姐好看
壹号酒店(松江万达店),M276341****,前台小姐姐很热情，人很好，心动心动
壹号酒店(松江万达店),M754073****,服务号前台小姐姐也很温柔
壹号酒店(松江万达店),M42303****,入住体验感不错。价格合理。下次一定会再来
壹号酒店(松江万达店),M548877****,房间干净卫生 性价比高 前台小姐姐很热情
壹号酒店(松江万达店),205865****,房间干净卫生，服务好，设施设备运行正常
壹号酒店(松江万达店),M473186****,靠近万达周边 吃喝玩乐都很方便
壹号酒店(松江万达店),M531735****,房间挺喜欢，前服务好评👍👍👍
壹号酒店(松江万达店),U446586_1500080****,环境不错，价格实惠，靠近商业圈很方便！
壹号酒店(松江万达店),匿名用户,交通便利服务态度很好 实惠
壹号酒店(松江万达店),M742215****,卫生：卫生干净 环境：不错
壹号酒店(松江万达店),M257838****,酒店环境很好，睡的很舒服，下次首选这家
壹号酒店(松江万达店),M27045****,住宿体验感相当不错，环境很好，服务也好
壹号酒店(松江万达店),M533937****,性价比很高的，服务很热情
壹号酒店(松江万达店),M307942****,周边环境好 还干净 整体不错
壹号酒店(松江万达店),M220241****,在这附近玩随便看到的，还可以
壹号酒店(松江万达店),匿名用户,环境很好 卫生干净整洁 服务态度非常好
壹号酒店(松江万达店),M509339****,干净整洁，卫生情况很好，睡了一个好觉
壹号酒店(松江万达店),M497830****,前台小姐姐非常热情还很可爱我超喜欢😘
壹号酒店(松江万达店),匿名用户,前台服务很负责，差旅可以来
壹号酒店(松江万达店),M298829****,环境：环境不错👍 卫生：很干净
壹号酒店(松江万达店),D11330****,很不错性价比很高 值得选购
壹号酒店(松江万达店),一根一根,卫生干净离地铁站近 很不错
壹号酒店(松江万达店),M700767****,卫生很干净，房间设计很独特
壹号酒店(松江万达店),匿名用户,房间干净卫生利落，价格亲民，前台服务挺好的，细节挺不错，
壹号酒店(松江万达店),匿名用户,挺好的 不错 服务好
壹号酒店(松江万达店),匿名用户,性价比各方面都挺好的 很满意
壹号酒店(松江万达店),M645969****,现在的人不知道什么叫礼
壹号酒店(松江万达店),匿名用户,卫生很差 设施：一般
壹号酒店(松江万达店),M413505****,卫生好环境好，里面非常干净
壹号酒店(松江万达店),320245****,干净卫生没味道 隔音好
壹号酒店(松江万达店),M730588****,地理位置很优越，性价比高
壹号酒店(松江万达店),M653509****,前台服务热情 ，卫生干净
壹号酒店(松江万达店),_CFT0399121****,晚上麻烦小姐姐帮我换房了点个好评
壹号酒店(松江万达店),匿名用户,环境不错很好很好，很舒服
壹号酒店(松江万达店),M222941****,房间卫生很清爽，服务也很好，值了
壹号酒店(松江万达店),M330551****,干净 前台服务也不错
壹号酒店(松江万达店),M39322****,帮同学订的，说是环境还可以
壹号酒店(松江万达店),匿名用户,服务：还可以 环境：还可以
壹号酒店(松江万达店),M492381****,环境卫生很好，服务态度也非常棒
壹号酒店(松江万达店),M759707****,环境很棒，服务很好
壹号酒店(松江万达店),M696484****,服务很好 小姐姐有礼貌
壹号酒店(松江万达店),_WeChat250021****,好 环境：非常非常好
壹号酒店(松江万达店),320200****,房间非常舒适干净，服务也很好。
壹号酒店(松江万达店),M370648****,房间很大，很好，也不错，很安静
壹号酒店(松江万达店),118440****,前台小姐姐态度热情，价格实惠
壹号酒店(松江万达店),M238925****,地理位置不错，服务给力
壹号酒店(松江万达店),M417500****,十分满意，客服小姐姐人美态度好
壹号酒店(松江万达店),_CFT0290053****,房间干净 推荐推荐
壹号酒店(松江万达店),M49525****,媳好 还好 服务好干净
壹号酒店(松江万达店),M615821****,推荐推荐 很不错
壹号酒店(松江万达店),匿名用户,服务很好 值得推荐
壹号酒店(松江万达店),E1651****,挺好的，住着舒服。
壹号酒店(松江万达店),M652101****,哈哈哈哈/::&gt;不错不错
壹号酒店(松江万达店),M489418****,房间很干净，小姐姐服务很好👍
壹号酒店(松江万达店),M236175****,可以服务态度也很好
壹号酒店(松江万达店),120108****,房间干净，不太隔音，还行。
壹号酒店(松江万达店),匿名用户,可以 挺好的 不错
壹号酒店(松江万达店),M431907****,房间干净整洁，酒店环境很好。
壹号酒店(松江万达店),坎皮卡福特赵构,在步行街，吃饭干啥都方便。
壹号酒店(松江万达店),M303406****,老好了 很不错的酒店
壹号酒店(松江万达店),_WeChat252878****,挺好的不错 哈哈哈
壹号酒店(松江万达店),M499254****,房间干净卫生服务好
壹号酒店(松江万达店),M758616****,不错的酒店。推荐
壹号酒店(松江万达店),M305035****,很垃圾，不建议去
壹号酒店(松江万达店),匿名用户,房间挺干净，服务也好
壹号酒店(松江万达店),M759312****,非常好，住的舒服
壹号酒店(松江万达店),M446070****,房间很干净 位置很好
壹号酒店(松江万达店),匿名用户,很好 不错的酒店
壹号酒店(松江万达店),匿名用户,卫生、环境确实不错，好评
壹号酒店(松江万达店),M660470****,环境很干净，周围吃的很多！
壹号酒店(松江万达店),M674278****,酒店不错，打扫的干干净净
壹号酒店(松江万达店),M350002****,环境卫生干净，服务态度很棒
壹号酒店(松江万达店),M269807****,前台美女很热情，很满意
壹号酒店(松江万达店),M415316****,好好好 服务好房间干净
壹号酒店(松江万达店),M11077****,房间干净卫生，服务态度很好
壹号酒店(松江万达店),M526363****,卫生干净整洁，房间床很舒服
壹号酒店(松江万达店),匿名用户,环境很好，服务很满意
壹号酒店(松江万达店),M641527****,宾至如归，热情周到！
壹号酒店(松江万达店),匿名用户,挺好的，挺干净舒服滴
壹号酒店(松江万达店),M297777****,环境舒适，服务热情，好评
壹号酒店(松江万达店),M293042****,房间干净 服务不错
壹号酒店(松江万达店),M481119****,前台服务很好 推荐推荐
壹号酒店(松江万达店),M509547****,房间干净 小姐姐好看
壹号酒店(松江万达店),匿名用户,挺好，吃住方便，
壹号酒店(松江万达店),匿名用户,房间很好，性价比高，服务好
壹号酒店(松江万达店),匿名用户,各方面都不错哦 满意
壹号酒店(松江万达店),匿名用户,床很舒服，非常推荐这家店
壹号酒店(松江万达店),M358847****,很好，住的很舒服
壹号酒店(松江万达店),M39204****,价格很优惠 附近吃的很多
壹号酒店(松江万达店),M502818****,性价比超高的一家酒店，前台悠悠大美女服务热情，体贴，温柔～点个赞！
壹号酒店(松江万达店),M276638****,环境不错。值得推荐
壹号酒店(松江万达店),匿名用户,地理位置佳 体验不错
壹号酒店(松江万达店),M384317****,挺好的 感觉好
壹号酒店(松江万达店),M471751****,推荐推荐 挺好的
壹号酒店(松江万达店),M448113****,挺好的 小姐姐好看
壹号酒店(松江万达店),M331320****,服务很好。推荐
壹号酒店(松江万达店),晚秋³,不错 来过好几次了
壹号酒店(松江万达店),匿名用户,房间很好很nice
壹号酒店(松江万达店),M307900****,下次有机会过来还住这里
壹号酒店(松江万达店),1377177****,整体环境还可以
壹号酒店(松江万达店),ATMOIS,房间布置用心，服务周到热情
壹号酒店(松江万达店),匿名用户,垃圾。不方便前台态度差
壹号酒店(松江万达店),M660408****,住的很舒服，卫生很干净
壹号酒店(松江万达店),M331811****,干净整洁卫生，住起来舒适
壹号酒店(松江万达店),匿名用户,各方面都挺好的
壹号酒店(松江万达店),扬州小眯,房间设施老了一点
壹号酒店(松江万达店),进击的迪迦,好不错 房间。干净
壹号酒店(松江万达店),M511722****,房间很干净，前台服务好
壹号酒店(松江万达店),M473089****,卫生好 thd
壹号酒店(松江万达店),匿名用户,非常好 环境好
壹号酒店(松江万达店),匿名用户,酒店的小姐姐人很好
壹号酒店(松江万达店),匿名用户,非常不错的一次住宿，谢谢
壹号酒店(松江万达店),_WeChat352758****,不错的酒店。腿脚
壹号酒店(松江万达店),205975****,在酒店里和回家一样
壹号酒店(松江万达店),M252287****,前台服务态度很好
壹号酒店(松江万达店),M508942****,服务态度很 房间干净
壹号酒店(松江万达店),匿名用户,不错哦挺好的
壹号酒店(松江万达店),M403391****,房间挺大的 整天不错
壹号酒店(松江万达店),M496489****,很好下次还去
壹号酒店(松江万达店),匿名用户,经常来住，环境不错
壹号酒店(松江万达店),哈哈哈哈拍,好好好好好好好好
壹号酒店(松江万达店),M295632****,感觉不错 服务好
壹号酒店(松江万达店),_WeChat261600****,升级房型还可以
壹号酒店(松江万达店),匿名用户,房间和服务比较满意
壹号酒店(松江万达店),M672058****,我服务很好￼
壹号酒店(松江万达店),_WeChat254289****,设施：很棒哦，奶思
壹号酒店(松江万达店),M452714****,好好好 挺好的不错
壹号酒店(松江万达店),M505147****,环境不错 下次还来
壹号酒店(松江万达店),M356569****,房间可以，服务优秀
壹号酒店(松江万达店),_WeChat263036****,服务好 态度好
壹号酒店(松江万达店),匿名用户,环境差 服务差
壹号酒店(松江万达店),M403094****,很美好的一次入住😁
壹号酒店(松江万达店),M526402****,不错不错。。。
壹号酒店(松江万达店),M608927****,小姐姐服务好
壹号酒店(松江万达店),芊烨宝宝,服务周到，房间舒适
壹号酒店(松江万达店),M254303****,附近有小吃 房间好
壹号酒店(松江万达店),M373003****,服务不错。点赞
壹号酒店(松江万达店),甜蜜密,非常满意 谢谢
壹号酒店(松江万达店),匿名用户,还可以，主题酒店
壹号酒店(松江万达店),匿名用户,不错很好！！
壹号酒店(松江万达店),匿名用户,环境好 五星好评
壹号酒店(松江万达店),M558594****,房间干净 不错不错
壹号酒店(松江万达店),匿名用户,非常好很好，推荐
壹号酒店(松江万达店),M513821****,挺好的 还不错
壹号酒店(松江万达店),M295527****,房间挺好的 干净
壹号酒店(松江万达店),M323269****,不错不错不错不错
壹号酒店(松江万达店),M499461****,酒店服务很不错，
壹号酒店(松江万达店),M482140****,前台小姐姐真漂亮
壹号酒店(松江万达店),匿名用户,卫生挺好，服务好！
壹号酒店(松江万达店),M497103****,还不错，感觉还行
壹号酒店(松江万达店),匿名用户,房间挺大的 干净
壹号酒店(松江万达店),M538463****,服务态度很好哦
壹号酒店(松江万达店),_WeChat277874****,不错喜欢房间特别
壹号酒店(松江万达店),M253299****,房间隔音很差
壹号酒店(松江万达店),M14458****,推荐推荐！！
壹号酒店(松江万达店),205693****,房间不错👍
壹号酒店(松江万达店),M222837****,挺好的可以😌
壹号酒店(松江万达店),M400181****,好好的 不错
壹号酒店(松江万达店),M39713****,满意，经济适用
壹号酒店(松江万达店),_WeChat244761****,住着还可以
壹号酒店(松江万达店),M443478****,房间干净整洁
壹号酒店(松江万达店),M525503****,体验感很好
壹号酒店(松江万达店),匿名用户,挺嗨的不错
壹号酒店(松江万达店),_WeChat220184****,跟朋友一起住！
壹号酒店(松江万达店),匿名用户,好好好好好好
壹号酒店(松江万达店),1855504****,房间好 服穿好
壹号酒店(松江万达店),菲妃飞327,非常好，满意！
壹号酒店(松江万达店),M466120****,干净不错呀
壹号酒店(松江万达店),匿名用户,不错不错房间大
壹号酒店(松江万达店),M657603****,干净整洁服务好
壹号酒店(松江万达店),300477****,干净卫生，
壹号酒店(松江万达店),M518894****,房间挺好的不错
壹号酒店(松江万达店),M30807****,房间环境好
壹号酒店(松江万达店),匿名用户,住的很舒适
壹号酒店(松江万达店),1502690****,房间好 哈哈哈
壹号酒店(松江万达店),M753044****,非常好👍
壹号酒店(松江万达店),M584692****,推荐推荐一下
壹号酒店(松江万达店),_WeChat49161****,开票麻烦死了
壹号酒店(松江万达店),M47238****,喜欢喜欢好的
壹号酒店(松江万达店),匿名用户,挺好的嗯嗯嗯
壹号酒店(松江万达店),M659923****,酒店干净舒适
壹号酒店(松江万达店),M50143****,房间设施不错
壹号酒店(松江万达店),M562359****,不错不错喜欢
壹号酒店(松江万达店),M392165****,环境有特色。
壹号酒店(松江万达店),匿名用户,比较有创意
壹号酒店(松江万达店),M13704****,房间好挺好的
壹号酒店(松江万达店),_WeChat267661****,还好还好哈
壹号酒店(松江万达店),伯纳乌的倾听,酒店不错的
壹号酒店(松江万达店),匿名用户,环境不错的
壹号酒店(松江万达店),M298324****,服务不错。
壹号酒店(松江万达店),M527461****,还行行🌟。
壹号酒店(松江万达店),M301264****,房间比较大
壹号酒店(松江万达店),M573199****,很不错的哦
壹号酒店(松江万达店),M470842****,小姐姐好看
壹号酒店(松江万达店),_WeChat300927****,非常好。z
壹号酒店(松江万达店),M656348****,小姐姐热情
壹号酒店(松江万达店),M508001****,环境非常好
壹号酒店(松江万达店),匿名用户,好好好好好
壹号酒店(松江万达店),M469478****,房间挺好的
壹号酒店(松江万达店),匿名用户,垃圾酒店，
壹号酒店(松江万达店),M360036****,环境不错～
壹号酒店(松江万达店),M8472****,体验很不错
壹号酒店(松江万达店),匿名用户,设施：很不0k 卫生：很脏 环境：环境很烂 服务：很随便
